,fiyat,il,ilce,mahalle,Net,OdaSayısı,BinanınYASI,BulunduguKAT,BinadakiKatSAYISI,IsıtmaTıpı,BanyoSAYISI
0,"325,000",0,0,9,10,1,0,8,4,1,0
1,"286,000",0,0,1,11,1,0,5,4,2,0
2,"469,000",0,0,0,8,1,0,4,4,2,0
3,"270,000",0,0,11,11,1,4,6,2,1,0
4,"188,000",0,0,14,0,0,0,9,0,1,0
5,"350,000",0,0,1,11,1,2,2,4,1,0
6,"495,000",0,0,8,10,1,3,4,3,2,1
7,"350,000",0,0,6,8,1,5,1,3,1,0
8,"365,000",0,0,0,4,0,0,1,3,1,0
9,"335,000",0,0,12,2,0,4,7,0,3,0
10,"320,000",0,0,0,7,1,5,2,1,1,0
11,"340,000",0,0,7,9,1,4,2,1,1,0
12,"430,000",0,0,15,7,1,0,0,4,1,0
13,"350,000",0,0,10,9,1,5,1,1,1,0
14,"358,000",0,0,7,12,1,4,2,1,1,0
15,"360,000",0,0,3,11,1,2,0,5,2,0
16,"370,000",0,0,3,14,1,4,2,1,1,0
17,"265,000",0,0,8,13,1,5,3,2,1,0
18,"420,000",0,0,10,11,1,0,1,4,1,0
19,"225,000",0,0,14,1,0,0,2,1,1,0
20,"360,000",0,0,4,11,1,0,2,4,1,0
21,"425,000",0,0,5,16,1,2,6,4,4,0
22,"465,000",0,0,2,15,2,1,7,0,0,1
23,"265,000",0,0,16,3,0,3,9,2,1,0
24,"450,000",0,0,12,17,3,5,7,0,0,1
25,"400,000",0,0,0,4,1,0,5,4,1,0
26,"258,000",0,0,1,10,1,1,0,1,1,0
27,"290,000",0,0,4,6,1,5,5,4,1,0
28,"325,000",0,0,10,5,1,3,8,4,1,0
29,"415,000",0,0,13,11,1,0,0,5,4,0
30,"325,000",0,0,9,10,1,0,8,4,1,0
31,"286,000",0,0,1,11,1,0,5,4,2,0
32,"469,000",0,0,0,8,1,0,4,4,2,0
33,"270,000",0,0,11,11,1,4,6,2,1,0
34,"188,000",0,0,14,0,0,0,9,0,1,0
35,"350,000",0,0,1,11,1,2,2,4,1,0
36,"495,000",0,0,8,10,1,3,4,3,2,1
37,"350,000",0,0,6,8,1,5,1,3,1,0
38,"365,000",0,0,0,4,0,0,1,3,1,0
39,"335,000",0,0,12,2,0,4,7,0,3,0
40,"320,000",0,0,0,7,1,5,2,1,1,0
41,"340,000",0,0,7,9,1,4,2,1,1,0
42,"430,000",0,0,15,7,1,0,0,4,1,0
43,"350,000",0,0,10,9,1,5,1,1,1,0
44,"358,000",0,0,7,12,1,4,2,1,1,0
45,"360,000",0,0,3,11,1,2,0,5,2,0
46,"370,000",0,0,3,14,1,4,2,1,1,0
47,"265,000",0,0,8,13,1,5,3,2,1,0
48,"420,000",0,0,10,11,1,0,1,4,1,0
49,"225,000",0,0,14,1,0,0,2,1,1,0
50,"360,000",0,0,4,11,1,0,2,4,1,0
51,"425,000",0,0,5,16,1,2,6,4,4,0
52,"465,000",0,0,2,15,2,1,7,0,0,1
53,"265,000",0,0,16,3,0,3,9,2,1,0
54,"450,000",0,0,12,17,3,5,7,0,0,1
55,"400,000",0,0,0,4,1,0,5,4,1,0
56,"258,000",0,0,1,10,1,1,0,1,1,0
57,"290,000",0,0,4,6,1,5,5,4,1,0
58,"325,000",0,0,10,5,1,3,8,4,1,0
59,"415,000",0,0,13,11,1,0,0,5,4,0
60,"325,000",0,0,9,10,1,0,8,4,1,0
61,"286,000",0,0,1,11,1,0,5,4,2,0
62,"469,000",0,0,0,8,1,0,4,4,2,0
63,"270,000",0,0,11,11,1,4,6,2,1,0
64,"188,000",0,0,14,0,0,0,9,0,1,0
65,"350,000",0,0,1,11,1,2,2,4,1,0
66,"495,000",0,0,8,10,1,3,4,3,2,1
67,"350,000",0,0,6,8,1,5,1,3,1,0
68,"365,000",0,0,0,4,0,0,1,3,1,0
69,"335,000",0,0,12,2,0,4,7,0,3,0
70,"320,000",0,0,0,7,1,5,2,1,1,0
71,"340,000",0,0,7,9,1,4,2,1,1,0
72,"430,000",0,0,15,7,1,0,0,4,1,0
73,"350,000",0,0,10,9,1,5,1,1,1,0
74,"358,000",0,0,7,12,1,4,2,1,1,0
75,"360,000",0,0,3,11,1,2,0,5,2,0
76,"370,000",0,0,3,14,1,4,2,1,1,0
77,"265,000",0,0,8,13,1,5,3,2,1,0
78,"420,000",0,0,10,11,1,0,1,4,1,0
79,"225,000",0,0,14,1,0,0,2,1,1,0
80,"360,000",0,0,4,11,1,0,2,4,1,0
81,"425,000",0,0,5,16,1,2,6,4,4,0
82,"465,000",0,0,2,15,2,1,7,0,0,1
83,"265,000",0,0,16,3,0,3,9,2,1,0
84,"450,000",0,0,12,17,3,5,7,0,0,1
85,"400,000",0,0,0,4,1,0,5,4,1,0
86,"258,000",0,0,1,10,1,1,0,1,1,0
87,"290,000",0,0,4,6,1,5,5,4,1,0
88,"325,000",0,0,10,5,1,3,8,4,1,0
89,"415,000",0,0,13,11,1,0,0,5,4,0
90,"325,000",0,0,9,10,1,0,8,4,1,0
91,"286,000",0,0,1,11,1,0,5,4,2,0
92,"469,000",0,0,0,8,1,0,4,4,2,0
93,"270,000",0,0,11,11,1,4,6,2,1,0
94,"188,000",0,0,14,0,0,0,9,0,1,0
95,"350,000",0,0,1,11,1,2,2,4,1,0
96,"495,000",0,0,8,10,1,3,4,3,2,1
97,"350,000",0,0,6,8,1,5,1,3,1,0
98,"365,000",0,0,0,4,0,0,1,3,1,0
99,"335,000",0,0,12,2,0,4,7,0,3,0
100,"320,000",0,0,0,7,1,5,2,1,1,0
101,"340,000",0,0,7,9,1,4,2,1,1,0
102,"430,000",0,0,15,7,1,0,0,4,1,0
103,"350,000",0,0,10,9,1,5,1,1,1,0
104,"358,000",0,0,7,12,1,4,2,1,1,0
105,"360,000",0,0,3,11,1,2,0,5,2,0
106,"370,000",0,0,3,14,1,4,2,1,1,0
107,"265,000",0,0,8,13,1,5,3,2,1,0
108,"420,000",0,0,10,11,1,0,1,4,1,0
109,"225,000",0,0,14,1,0,0,2,1,1,0
110,"360,000",0,0,4,11,1,0,2,4,1,0
111,"425,000",0,0,5,16,1,2,6,4,4,0
112,"465,000",0,0,2,15,2,1,7,0,0,1
113,"265,000",0,0,16,3,0,3,9,2,1,0
114,"450,000",0,0,12,17,3,5,7,0,0,1
115,"400,000",0,0,0,4,1,0,5,4,1,0
116,"258,000",0,0,1,10,1,1,0,1,1,0
117,"290,000",0,0,4,6,1,5,5,4,1,0
118,"325,000",0,0,10,5,1,3,8,4,1,0
119,"415,000",0,0,13,11,1,0,0,5,4,0
120,"325,000",0,0,9,10,1,0,8,4,1,0
121,"286,000",0,0,1,11,1,0,5,4,2,0
122,"469,000",0,0,0,8,1,0,4,4,2,0
123,"270,000",0,0,11,11,1,4,6,2,1,0
124,"188,000",0,0,14,0,0,0,9,0,1,0
125,"350,000",0,0,1,11,1,2,2,4,1,0
126,"495,000",0,0,8,10,1,3,4,3,2,1
127,"350,000",0,0,6,8,1,5,1,3,1,0
128,"365,000",0,0,0,4,0,0,1,3,1,0
129,"335,000",0,0,12,2,0,4,7,0,3,0
130,"320,000",0,0,0,7,1,5,2,1,1,0
131,"340,000",0,0,7,9,1,4,2,1,1,0
132,"430,000",0,0,15,7,1,0,0,4,1,0
133,"350,000",0,0,10,9,1,5,1,1,1,0
134,"358,000",0,0,7,12,1,4,2,1,1,0
135,"360,000",0,0,3,11,1,2,0,5,2,0
136,"370,000",0,0,3,14,1,4,2,1,1,0
137,"265,000",0,0,8,13,1,5,3,2,1,0
138,"420,000",0,0,10,11,1,0,1,4,1,0
139,"225,000",0,0,14,1,0,0,2,1,1,0
140,"360,000",0,0,4,11,1,0,2,4,1,0
141,"425,000",0,0,5,16,1,2,6,4,4,0
142,"465,000",0,0,2,15,2,1,7,0,0,1
143,"265,000",0,0,16,3,0,3,9,2,1,0
144,"450,000",0,0,12,17,3,5,7,0,0,1
145,"400,000",0,0,0,4,1,0,5,4,1,0
146,"258,000",0,0,1,10,1,1,0,1,1,0
147,"290,000",0,0,4,6,1,5,5,4,1,0
148,"325,000",0,0,10,5,1,3,8,4,1,0
149,"415,000",0,0,13,11,1,0,0,5,4,0
150,"325,000",0,0,9,10,1,0,8,4,1,0
151,"286,000",0,0,1,11,1,0,5,4,2,0
152,"469,000",0,0,0,8,1,0,4,4,2,0
153,"270,000",0,0,11,11,1,4,6,2,1,0
154,"188,000",0,0,14,0,0,0,9,0,1,0
155,"350,000",0,0,1,11,1,2,2,4,1,0
156,"495,000",0,0,8,10,1,3,4,3,2,1
157,"350,000",0,0,6,8,1,5,1,3,1,0
158,"365,000",0,0,0,4,0,0,1,3,1,0
159,"335,000",0,0,12,2,0,4,7,0,3,0
160,"320,000",0,0,0,7,1,5,2,1,1,0
161,"340,000",0,0,7,9,1,4,2,1,1,0
162,"430,000",0,0,15,7,1,0,0,4,1,0
163,"350,000",0,0,10,9,1,5,1,1,1,0
164,"358,000",0,0,7,12,1,4,2,1,1,0
165,"360,000",0,0,3,11,1,2,0,5,2,0
166,"370,000",0,0,3,14,1,4,2,1,1,0
167,"265,000",0,0,8,13,1,5,3,2,1,0
168,"420,000",0,0,10,11,1,0,1,4,1,0
169,"225,000",0,0,14,1,0,0,2,1,1,0
170,"360,000",0,0,4,11,1,0,2,4,1,0
171,"425,000",0,0,5,16,1,2,6,4,4,0
172,"465,000",0,0,2,15,2,1,7,0,0,1
173,"265,000",0,0,16,3,0,3,9,2,1,0
174,"450,000",0,0,12,17,3,5,7,0,0,1
175,"400,000",0,0,0,4,1,0,5,4,1,0
176,"258,000",0,0,1,10,1,1,0,1,1,0
177,"290,000",0,0,4,6,1,5,5,4,1,0
178,"325,000",0,0,10,5,1,3,8,4,1,0
179,"415,000",0,0,13,11,1,0,0,5,4,0
180,"325,000",0,0,9,10,1,0,8,4,1,0
181,"286,000",0,0,1,11,1,0,5,4,2,0
182,"469,000",0,0,0,8,1,0,4,4,2,0
183,"270,000",0,0,11,11,1,4,6,2,1,0
184,"188,000",0,0,14,0,0,0,9,0,1,0
185,"350,000",0,0,1,11,1,2,2,4,1,0
186,"495,000",0,0,8,10,1,3,4,3,2,1
187,"350,000",0,0,6,8,1,5,1,3,1,0
188,"365,000",0,0,0,4,0,0,1,3,1,0
189,"335,000",0,0,12,2,0,4,7,0,3,0
190,"320,000",0,0,0,7,1,5,2,1,1,0
191,"340,000",0,0,7,9,1,4,2,1,1,0
192,"430,000",0,0,15,7,1,0,0,4,1,0
193,"350,000",0,0,10,9,1,5,1,1,1,0
194,"358,000",0,0,7,12,1,4,2,1,1,0
195,"360,000",0,0,3,11,1,2,0,5,2,0
196,"370,000",0,0,3,14,1,4,2,1,1,0
197,"265,000",0,0,8,13,1,5,3,2,1,0
198,"420,000",0,0,10,11,1,0,1,4,1,0
199,"225,000",0,0,14,1,0,0,2,1,1,0
200,"360,000",0,0,4,11,1,0,2,4,1,0
201,"425,000",0,0,5,16,1,2,6,4,4,0
202,"465,000",0,0,2,15,2,1,7,0,0,1
203,"265,000",0,0,16,3,0,3,9,2,1,0
204,"450,000",0,0,12,17,3,5,7,0,0,1
205,"400,000",0,0,0,4,1,0,5,4,1,0
206,"258,000",0,0,1,10,1,1,0,1,1,0
207,"290,000",0,0,4,6,1,5,5,4,1,0
208,"325,000",0,0,10,5,1,3,8,4,1,0
209,"415,000",0,0,13,11,1,0,0,5,4,0
210,"325,000",0,0,9,10,1,0,8,4,1,0
211,"286,000",0,0,1,11,1,0,5,4,2,0
212,"469,000",0,0,0,8,1,0,4,4,2,0
213,"270,000",0,0,11,11,1,4,6,2,1,0
214,"188,000",0,0,14,0,0,0,9,0,1,0
215,"350,000",0,0,1,11,1,2,2,4,1,0
216,"495,000",0,0,8,10,1,3,4,3,2,1
217,"350,000",0,0,6,8,1,5,1,3,1,0
218,"365,000",0,0,0,4,0,0,1,3,1,0
219,"335,000",0,0,12,2,0,4,7,0,3,0
220,"320,000",0,0,0,7,1,5,2,1,1,0
221,"340,000",0,0,7,9,1,4,2,1,1,0
222,"430,000",0,0,15,7,1,0,0,4,1,0
223,"350,000",0,0,10,9,1,5,1,1,1,0
224,"358,000",0,0,7,12,1,4,2,1,1,0
225,"360,000",0,0,3,11,1,2,0,5,2,0
226,"370,000",0,0,3,14,1,4,2,1,1,0
227,"265,000",0,0,8,13,1,5,3,2,1,0
228,"420,000",0,0,10,11,1,0,1,4,1,0
229,"225,000",0,0,14,1,0,0,2,1,1,0
230,"360,000",0,0,4,11,1,0,2,4,1,0
231,"425,000",0,0,5,16,1,2,6,4,4,0
232,"465,000",0,0,2,15,2,1,7,0,0,1
233,"265,000",0,0,16,3,0,3,9,2,1,0
234,"450,000",0,0,12,17,3,5,7,0,0,1
235,"400,000",0,0,0,4,1,0,5,4,1,0
236,"258,000",0,0,1,10,1,1,0,1,1,0
237,"290,000",0,0,4,6,1,5,5,4,1,0
238,"325,000",0,0,10,5,1,3,8,4,1,0
239,"415,000",0,0,13,11,1,0,0,5,4,0
240,"325,000",0,0,9,10,1,0,8,4,1,0
241,"286,000",0,0,1,11,1,0,5,4,2,0
242,"469,000",0,0,0,8,1,0,4,4,2,0
243,"270,000",0,0,11,11,1,4,6,2,1,0
244,"188,000",0,0,14,0,0,0,9,0,1,0
245,"350,000",0,0,1,11,1,2,2,4,1,0
246,"495,000",0,0,8,10,1,3,4,3,2,1
247,"350,000",0,0,6,8,1,5,1,3,1,0
248,"365,000",0,0,0,4,0,0,1,3,1,0
249,"335,000",0,0,12,2,0,4,7,0,3,0
250,"320,000",0,0,0,7,1,5,2,1,1,0
251,"340,000",0,0,7,9,1,4,2,1,1,0
252,"430,000",0,0,15,7,1,0,0,4,1,0
253,"350,000",0,0,10,9,1,5,1,1,1,0
254,"358,000",0,0,7,12,1,4,2,1,1,0
255,"360,000",0,0,3,11,1,2,0,5,2,0
256,"370,000",0,0,3,14,1,4,2,1,1,0
257,"265,000",0,0,8,13,1,5,3,2,1,0
258,"420,000",0,0,10,11,1,0,1,4,1,0
259,"225,000",0,0,14,1,0,0,2,1,1,0
260,"360,000",0,0,4,11,1,0,2,4,1,0
261,"425,000",0,0,5,16,1,2,6,4,4,0
262,"465,000",0,0,2,15,2,1,7,0,0,1
263,"265,000",0,0,16,3,0,3,9,2,1,0
264,"450,000",0,0,12,17,3,5,7,0,0,1
265,"400,000",0,0,0,4,1,0,5,4,1,0
266,"258,000",0,0,1,10,1,1,0,1,1,0
267,"290,000",0,0,4,6,1,5,5,4,1,0
268,"325,000",0,0,10,5,1,3,8,4,1,0
269,"415,000",0,0,13,11,1,0,0,5,4,0
270,"325,000",0,0,9,10,1,0,8,4,1,0
271,"286,000",0,0,1,11,1,0,5,4,2,0
272,"469,000",0,0,0,8,1,0,4,4,2,0
273,"270,000",0,0,11,11,1,4,6,2,1,0
274,"188,000",0,0,14,0,0,0,9,0,1,0
275,"350,000",0,0,1,11,1,2,2,4,1,0
276,"495,000",0,0,8,10,1,3,4,3,2,1
277,"350,000",0,0,6,8,1,5,1,3,1,0
278,"365,000",0,0,0,4,0,0,1,3,1,0
279,"335,000",0,0,12,2,0,4,7,0,3,0
280,"320,000",0,0,0,7,1,5,2,1,1,0
281,"340,000",0,0,7,9,1,4,2,1,1,0
282,"430,000",0,0,15,7,1,0,0,4,1,0
283,"350,000",0,0,10,9,1,5,1,1,1,0
284,"358,000",0,0,7,12,1,4,2,1,1,0
285,"360,000",0,0,3,11,1,2,0,5,2,0
286,"370,000",0,0,3,14,1,4,2,1,1,0
287,"265,000",0,0,8,13,1,5,3,2,1,0
288,"420,000",0,0,10,11,1,0,1,4,1,0
289,"225,000",0,0,14,1,0,0,2,1,1,0
290,"360,000",0,0,4,11,1,0,2,4,1,0
291,"425,000",0,0,5,16,1,2,6,4,4,0
292,"465,000",0,0,2,15,2,1,7,0,0,1
293,"265,000",0,0,16,3,0,3,9,2,1,0
294,"450,000",0,0,12,17,3,5,7,0,0,1
295,"400,000",0,0,0,4,1,0,5,4,1,0
296,"258,000",0,0,1,10,1,1,0,1,1,0
297,"290,000",0,0,4,6,1,5,5,4,1,0
298,"325,000",0,0,10,5,1,3,8,4,1,0
299,"415,000",0,0,13,11,1,0,0,5,4,0
300,"325,000",0,0,9,10,1,0,8,4,1,0
301,"286,000",0,0,1,11,1,0,5,4,2,0
302,"469,000",0,0,0,8,1,0,4,4,2,0
303,"270,000",0,0,11,11,1,4,6,2,1,0
304,"188,000",0,0,14,0,0,0,9,0,1,0
305,"350,000",0,0,1,11,1,2,2,4,1,0
306,"495,000",0,0,8,10,1,3,4,3,2,1
307,"350,000",0,0,6,8,1,5,1,3,1,0
308,"365,000",0,0,0,4,0,0,1,3,1,0
309,"335,000",0,0,12,2,0,4,7,0,3,0
310,"320,000",0,0,0,7,1,5,2,1,1,0
311,"340,000",0,0,7,9,1,4,2,1,1,0
312,"430,000",0,0,15,7,1,0,0,4,1,0
313,"350,000",0,0,10,9,1,5,1,1,1,0
314,"358,000",0,0,7,12,1,4,2,1,1,0
315,"360,000",0,0,3,11,1,2,0,5,2,0
316,"370,000",0,0,3,14,1,4,2,1,1,0
317,"265,000",0,0,8,13,1,5,3,2,1,0
318,"420,000",0,0,10,11,1,0,1,4,1,0
319,"225,000",0,0,14,1,0,0,2,1,1,0
320,"360,000",0,0,4,11,1,0,2,4,1,0
321,"425,000",0,0,5,16,1,2,6,4,4,0
322,"465,000",0,0,2,15,2,1,7,0,0,1
323,"265,000",0,0,16,3,0,3,9,2,1,0
324,"450,000",0,0,12,17,3,5,7,0,0,1
325,"400,000",0,0,0,4,1,0,5,4,1,0
326,"258,000",0,0,1,10,1,1,0,1,1,0
327,"290,000",0,0,4,6,1,5,5,4,1,0
328,"325,000",0,0,10,5,1,3,8,4,1,0
329,"415,000",0,0,13,11,1,0,0,5,4,0
330,"325,000",0,0,9,10,1,0,8,4,1,0
331,"286,000",0,0,1,11,1,0,5,4,2,0
332,"469,000",0,0,0,8,1,0,4,4,2,0
333,"270,000",0,0,11,11,1,4,6,2,1,0
334,"188,000",0,0,14,0,0,0,9,0,1,0
335,"350,000",0,0,1,11,1,2,2,4,1,0
336,"495,000",0,0,8,10,1,3,4,3,2,1
337,"350,000",0,0,6,8,1,5,1,3,1,0
338,"365,000",0,0,0,4,0,0,1,3,1,0
339,"335,000",0,0,12,2,0,4,7,0,3,0
340,"320,000",0,0,0,7,1,5,2,1,1,0
341,"340,000",0,0,7,9,1,4,2,1,1,0
342,"430,000",0,0,15,7,1,0,0,4,1,0
343,"350,000",0,0,10,9,1,5,1,1,1,0
344,"358,000",0,0,7,12,1,4,2,1,1,0
345,"360,000",0,0,3,11,1,2,0,5,2,0
346,"370,000",0,0,3,14,1,4,2,1,1,0
347,"265,000",0,0,8,13,1,5,3,2,1,0
348,"420,000",0,0,10,11,1,0,1,4,1,0
349,"225,000",0,0,14,1,0,0,2,1,1,0
350,"360,000",0,0,4,11,1,0,2,4,1,0
351,"425,000",0,0,5,16,1,2,6,4,4,0
352,"465,000",0,0,2,15,2,1,7,0,0,1
353,"265,000",0,0,16,3,0,3,9,2,1,0
354,"450,000",0,0,12,17,3,5,7,0,0,1
355,"400,000",0,0,0,4,1,0,5,4,1,0
356,"258,000",0,0,1,10,1,1,0,1,1,0
357,"290,000",0,0,4,6,1,5,5,4,1,0
358,"325,000",0,0,10,5,1,3,8,4,1,0
359,"415,000",0,0,13,11,1,0,0,5,4,0
360,"325,000",0,0,9,10,1,0,8,4,1,0
361,"286,000",0,0,1,11,1,0,5,4,2,0
362,"469,000",0,0,0,8,1,0,4,4,2,0
363,"270,000",0,0,11,11,1,4,6,2,1,0
364,"188,000",0,0,14,0,0,0,9,0,1,0
365,"350,000",0,0,1,11,1,2,2,4,1,0
366,"495,000",0,0,8,10,1,3,4,3,2,1
367,"350,000",0,0,6,8,1,5,1,3,1,0
368,"365,000",0,0,0,4,0,0,1,3,1,0
369,"335,000",0,0,12,2,0,4,7,0,3,0
370,"320,000",0,0,0,7,1,5,2,1,1,0
371,"340,000",0,0,7,9,1,4,2,1,1,0
372,"430,000",0,0,15,7,1,0,0,4,1,0
373,"350,000",0,0,10,9,1,5,1,1,1,0
374,"358,000",0,0,7,12,1,4,2,1,1,0
375,"360,000",0,0,3,11,1,2,0,5,2,0
376,"370,000",0,0,3,14,1,4,2,1,1,0
377,"265,000",0,0,8,13,1,5,3,2,1,0
378,"420,000",0,0,10,11,1,0,1,4,1,0
379,"225,000",0,0,14,1,0,0,2,1,1,0
380,"360,000",0,0,4,11,1,0,2,4,1,0
381,"425,000",0,0,5,16,1,2,6,4,4,0
382,"465,000",0,0,2,15,2,1,7,0,0,1
383,"265,000",0,0,16,3,0,3,9,2,1,0
384,"450,000",0,0,12,17,3,5,7,0,0,1
385,"400,000",0,0,0,4,1,0,5,4,1,0
386,"258,000",0,0,1,10,1,1,0,1,1,0
387,"290,000",0,0,4,6,1,5,5,4,1,0
388,"325,000",0,0,10,5,1,3,8,4,1,0
389,"415,000",0,0,13,11,1,0,0,5,4,0
390,"325,000",0,0,9,10,1,0,8,4,1,0
391,"286,000",0,0,1,11,1,0,5,4,2,0
392,"469,000",0,0,0,8,1,0,4,4,2,0
393,"270,000",0,0,11,11,1,4,6,2,1,0
394,"188,000",0,0,14,0,0,0,9,0,1,0
395,"350,000",0,0,1,11,1,2,2,4,1,0
396,"495,000",0,0,8,10,1,3,4,3,2,1
397,"350,000",0,0,6,8,1,5,1,3,1,0
398,"365,000",0,0,0,4,0,0,1,3,1,0
399,"335,000",0,0,12,2,0,4,7,0,3,0
400,"320,000",0,0,0,7,1,5,2,1,1,0
401,"340,000",0,0,7,9,1,4,2,1,1,0
402,"430,000",0,0,15,7,1,0,0,4,1,0
403,"350,000",0,0,10,9,1,5,1,1,1,0
404,"358,000",0,0,7,12,1,4,2,1,1,0
405,"360,000",0,0,3,11,1,2,0,5,2,0
406,"370,000",0,0,3,14,1,4,2,1,1,0
407,"265,000",0,0,8,13,1,5,3,2,1,0
408,"420,000",0,0,10,11,1,0,1,4,1,0
409,"225,000",0,0,14,1,0,0,2,1,1,0
410,"360,000",0,0,4,11,1,0,2,4,1,0
411,"425,000",0,0,5,16,1,2,6,4,4,0
412,"465,000",0,0,2,15,2,1,7,0,0,1
413,"265,000",0,0,16,3,0,3,9,2,1,0
414,"450,000",0,0,12,17,3,5,7,0,0,1
415,"400,000",0,0,0,4,1,0,5,4,1,0
416,"258,000",0,0,1,10,1,1,0,1,1,0
417,"290,000",0,0,4,6,1,5,5,4,1,0
418,"325,000",0,0,10,5,1,3,8,4,1,0
419,"415,000",0,0,13,11,1,0,0,5,4,0
420,"325,000",0,0,9,10,1,0,8,4,1,0
421,"286,000",0,0,1,11,1,0,5,4,2,0
422,"469,000",0,0,0,8,1,0,4,4,2,0
423,"270,000",0,0,11,11,1,4,6,2,1,0
424,"188,000",0,0,14,0,0,0,9,0,1,0
425,"350,000",0,0,1,11,1,2,2,4,1,0
426,"495,000",0,0,8,10,1,3,4,3,2,1
427,"350,000",0,0,6,8,1,5,1,3,1,0
428,"365,000",0,0,0,4,0,0,1,3,1,0
429,"335,000",0,0,12,2,0,4,7,0,3,0
430,"320,000",0,0,0,7,1,5,2,1,1,0
431,"340,000",0,0,7,9,1,4,2,1,1,0
432,"430,000",0,0,15,7,1,0,0,4,1,0
433,"350,000",0,0,10,9,1,5,1,1,1,0
434,"358,000",0,0,7,12,1,4,2,1,1,0
435,"360,000",0,0,3,11,1,2,0,5,2,0
436,"370,000",0,0,3,14,1,4,2,1,1,0
437,"265,000",0,0,8,13,1,5,3,2,1,0
438,"420,000",0,0,10,11,1,0,1,4,1,0
439,"225,000",0,0,14,1,0,0,2,1,1,0
440,"360,000",0,0,4,11,1,0,2,4,1,0
441,"425,000",0,0,5,16,1,2,6,4,4,0
442,"465,000",0,0,2,15,2,1,7,0,0,1
443,"265,000",0,0,16,3,0,3,9,2,1,0
444,"450,000",0,0,12,17,3,5,7,0,0,1
445,"400,000",0,0,0,4,1,0,5,4,1,0
446,"258,000",0,0,1,10,1,1,0,1,1,0
447,"290,000",0,0,4,6,1,5,5,4,1,0
448,"325,000",0,0,10,5,1,3,8,4,1,0
449,"415,000",0,0,13,11,1,0,0,5,4,0
450,"325,000",0,0,9,10,1,0,8,4,1,0
451,"286,000",0,0,1,11,1,0,5,4,2,0
452,"469,000",0,0,0,8,1,0,4,4,2,0
453,"270,000",0,0,11,11,1,4,6,2,1,0
454,"188,000",0,0,14,0,0,0,9,0,1,0
455,"350,000",0,0,1,11,1,2,2,4,1,0
456,"495,000",0,0,8,10,1,3,4,3,2,1
457,"350,000",0,0,6,8,1,5,1,3,1,0
458,"365,000",0,0,0,4,0,0,1,3,1,0
459,"335,000",0,0,12,2,0,4,7,0,3,0
460,"320,000",0,0,0,7,1,5,2,1,1,0
461,"340,000",0,0,7,9,1,4,2,1,1,0
462,"430,000",0,0,15,7,1,0,0,4,1,0
463,"350,000",0,0,10,9,1,5,1,1,1,0
464,"358,000",0,0,7,12,1,4,2,1,1,0
465,"360,000",0,0,3,11,1,2,0,5,2,0
466,"370,000",0,0,3,14,1,4,2,1,1,0
467,"265,000",0,0,8,13,1,5,3,2,1,0
468,"420,000",0,0,10,11,1,0,1,4,1,0
469,"225,000",0,0,14,1,0,0,2,1,1,0
470,"360,000",0,0,4,11,1,0,2,4,1,0
471,"425,000",0,0,5,16,1,2,6,4,4,0
472,"465,000",0,0,2,15,2,1,7,0,0,1
473,"265,000",0,0,16,3,0,3,9,2,1,0
474,"450,000",0,0,12,17,3,5,7,0,0,1
475,"400,000",0,0,0,4,1,0,5,4,1,0
476,"258,000",0,0,1,10,1,1,0,1,1,0
477,"290,000",0,0,4,6,1,5,5,4,1,0
478,"325,000",0,0,10,5,1,3,8,4,1,0
479,"415,000",0,0,13,11,1,0,0,5,4,0
480,"325,000",0,0,9,10,1,0,8,4,1,0
481,"286,000",0,0,1,11,1,0,5,4,2,0
482,"469,000",0,0,0,8,1,0,4,4,2,0
483,"270,000",0,0,11,11,1,4,6,2,1,0
484,"188,000",0,0,14,0,0,0,9,0,1,0
485,"350,000",0,0,1,11,1,2,2,4,1,0
486,"495,000",0,0,8,10,1,3,4,3,2,1
487,"350,000",0,0,6,8,1,5,1,3,1,0
488,"365,000",0,0,0,4,0,0,1,3,1,0
489,"335,000",0,0,12,2,0,4,7,0,3,0
490,"320,000",0,0,0,7,1,5,2,1,1,0
491,"340,000",0,0,7,9,1,4,2,1,1,0
492,"430,000",0,0,15,7,1,0,0,4,1,0
493,"350,000",0,0,10,9,1,5,1,1,1,0
494,"358,000",0,0,7,12,1,4,2,1,1,0
495,"360,000",0,0,3,11,1,2,0,5,2,0
496,"370,000",0,0,3,14,1,4,2,1,1,0
497,"265,000",0,0,8,13,1,5,3,2,1,0
498,"420,000",0,0,10,11,1,0,1,4,1,0
499,"225,000",0,0,14,1,0,0,2,1,1,0
500,"360,000",0,0,4,11,1,0,2,4,1,0
501,"425,000",0,0,5,16,1,2,6,4,4,0
502,"465,000",0,0,2,15,2,1,7,0,0,1
503,"265,000",0,0,16,3,0,3,9,2,1,0
504,"450,000",0,0,12,17,3,5,7,0,0,1
505,"400,000",0,0,0,4,1,0,5,4,1,0
506,"258,000",0,0,1,10,1,1,0,1,1,0
507,"290,000",0,0,4,6,1,5,5,4,1,0
508,"325,000",0,0,10,5,1,3,8,4,1,0
509,"415,000",0,0,13,11,1,0,0,5,4,0
510,"325,000",0,0,9,10,1,0,8,4,1,0
511,"286,000",0,0,1,11,1,0,5,4,2,0
512,"469,000",0,0,0,8,1,0,4,4,2,0
513,"270,000",0,0,11,11,1,4,6,2,1,0
514,"188,000",0,0,14,0,0,0,9,0,1,0
515,"350,000",0,0,1,11,1,2,2,4,1,0
516,"495,000",0,0,8,10,1,3,4,3,2,1
517,"350,000",0,0,6,8,1,5,1,3,1,0
518,"365,000",0,0,0,4,0,0,1,3,1,0
519,"335,000",0,0,12,2,0,4,7,0,3,0
520,"320,000",0,0,0,7,1,5,2,1,1,0
521,"340,000",0,0,7,9,1,4,2,1,1,0
522,"430,000",0,0,15,7,1,0,0,4,1,0
523,"350,000",0,0,10,9,1,5,1,1,1,0
524,"358,000",0,0,7,12,1,4,2,1,1,0
525,"360,000",0,0,3,11,1,2,0,5,2,0
526,"370,000",0,0,3,14,1,4,2,1,1,0
527,"265,000",0,0,8,13,1,5,3,2,1,0
528,"420,000",0,0,10,11,1,0,1,4,1,0
529,"225,000",0,0,14,1,0,0,2,1,1,0
530,"360,000",0,0,4,11,1,0,2,4,1,0
531,"425,000",0,0,5,16,1,2,6,4,4,0
532,"465,000",0,0,2,15,2,1,7,0,0,1
533,"265,000",0,0,16,3,0,3,9,2,1,0
534,"450,000",0,0,12,17,3,5,7,0,0,1
535,"400,000",0,0,0,4,1,0,5,4,1,0
536,"258,000",0,0,1,10,1,1,0,1,1,0
537,"290,000",0,0,4,6,1,5,5,4,1,0
538,"325,000",0,0,10,5,1,3,8,4,1,0
539,"415,000",0,0,13,11,1,0,0,5,4,0
540,"325,000",0,0,9,10,1,0,8,4,1,0
541,"286,000",0,0,1,11,1,0,5,4,2,0
542,"469,000",0,0,0,8,1,0,4,4,2,0
543,"270,000",0,0,11,11,1,4,6,2,1,0
544,"188,000",0,0,14,0,0,0,9,0,1,0
545,"350,000",0,0,1,11,1,2,2,4,1,0
546,"495,000",0,0,8,10,1,3,4,3,2,1
547,"350,000",0,0,6,8,1,5,1,3,1,0
548,"365,000",0,0,0,4,0,0,1,3,1,0
549,"335,000",0,0,12,2,0,4,7,0,3,0
550,"320,000",0,0,0,7,1,5,2,1,1,0
551,"340,000",0,0,7,9,1,4,2,1,1,0
552,"430,000",0,0,15,7,1,0,0,4,1,0
553,"350,000",0,0,10,9,1,5,1,1,1,0
554,"358,000",0,0,7,12,1,4,2,1,1,0
555,"360,000",0,0,3,11,1,2,0,5,2,0
556,"370,000",0,0,3,14,1,4,2,1,1,0
557,"265,000",0,0,8,13,1,5,3,2,1,0
558,"420,000",0,0,10,11,1,0,1,4,1,0
559,"225,000",0,0,14,1,0,0,2,1,1,0
560,"360,000",0,0,4,11,1,0,2,4,1,0
561,"425,000",0,0,5,16,1,2,6,4,4,0
562,"465,000",0,0,2,15,2,1,7,0,0,1
563,"265,000",0,0,16,3,0,3,9,2,1,0
564,"450,000",0,0,12,17,3,5,7,0,0,1
565,"400,000",0,0,0,4,1,0,5,4,1,0
566,"258,000",0,0,1,10,1,1,0,1,1,0
567,"290,000",0,0,4,6,1,5,5,4,1,0
568,"325,000",0,0,10,5,1,3,8,4,1,0
569,"415,000",0,0,13,11,1,0,0,5,4,0
570,"325,000",0,0,9,10,1,0,8,4,1,0
571,"286,000",0,0,1,11,1,0,5,4,2,0
572,"469,000",0,0,0,8,1,0,4,4,2,0
573,"270,000",0,0,11,11,1,4,6,2,1,0
574,"188,000",0,0,14,0,0,0,9,0,1,0
575,"350,000",0,0,1,11,1,2,2,4,1,0
576,"495,000",0,0,8,10,1,3,4,3,2,1
577,"350,000",0,0,6,8,1,5,1,3,1,0
578,"365,000",0,0,0,4,0,0,1,3,1,0
579,"335,000",0,0,12,2,0,4,7,0,3,0
580,"320,000",0,0,0,7,1,5,2,1,1,0
581,"340,000",0,0,7,9,1,4,2,1,1,0
582,"430,000",0,0,15,7,1,0,0,4,1,0
583,"350,000",0,0,10,9,1,5,1,1,1,0
584,"358,000",0,0,7,12,1,4,2,1,1,0
585,"360,000",0,0,3,11,1,2,0,5,2,0
586,"370,000",0,0,3,14,1,4,2,1,1,0
587,"265,000",0,0,8,13,1,5,3,2,1,0
588,"420,000",0,0,10,11,1,0,1,4,1,0
589,"225,000",0,0,14,1,0,0,2,1,1,0
590,"360,000",0,0,4,11,1,0,2,4,1,0
591,"425,000",0,0,5,16,1,2,6,4,4,0
592,"465,000",0,0,2,15,2,1,7,0,0,1
593,"265,000",0,0,16,3,0,3,9,2,1,0
594,"450,000",0,0,12,17,3,5,7,0,0,1
595,"400,000",0,0,0,4,1,0,5,4,1,0
596,"258,000",0,0,1,10,1,1,0,1,1,0
597,"290,000",0,0,4,6,1,5,5,4,1,0
598,"325,000",0,0,10,5,1,3,8,4,1,0
599,"415,000",0,0,13,11,1,0,0,5,4,0
600,"325,000",0,0,9,10,1,0,8,4,1,0
601,"286,000",0,0,1,11,1,0,5,4,2,0
602,"469,000",0,0,0,8,1,0,4,4,2,0
603,"270,000",0,0,11,11,1,4,6,2,1,0
604,"188,000",0,0,14,0,0,0,9,0,1,0
605,"350,000",0,0,1,11,1,2,2,4,1,0
606,"495,000",0,0,8,10,1,3,4,3,2,1
607,"350,000",0,0,6,8,1,5,1,3,1,0
608,"365,000",0,0,0,4,0,0,1,3,1,0
609,"335,000",0,0,12,2,0,4,7,0,3,0
610,"320,000",0,0,0,7,1,5,2,1,1,0
611,"340,000",0,0,7,9,1,4,2,1,1,0
612,"430,000",0,0,15,7,1,0,0,4,1,0
613,"350,000",0,0,10,9,1,5,1,1,1,0
614,"358,000",0,0,7,12,1,4,2,1,1,0
615,"360,000",0,0,3,11,1,2,0,5,2,0
616,"370,000",0,0,3,14,1,4,2,1,1,0
617,"265,000",0,0,8,13,1,5,3,2,1,0
618,"420,000",0,0,10,11,1,0,1,4,1,0
619,"225,000",0,0,14,1,0,0,2,1,1,0
620,"360,000",0,0,4,11,1,0,2,4,1,0
621,"425,000",0,0,5,16,1,2,6,4,4,0
622,"465,000",0,0,2,15,2,1,7,0,0,1
623,"265,000",0,0,16,3,0,3,9,2,1,0
624,"450,000",0,0,12,17,3,5,7,0,0,1
625,"400,000",0,0,0,4,1,0,5,4,1,0
626,"258,000",0,0,1,10,1,1,0,1,1,0
627,"290,000",0,0,4,6,1,5,5,4,1,0
628,"325,000",0,0,10,5,1,3,8,4,1,0
629,"415,000",0,0,13,11,1,0,0,5,4,0
630,"325,000",0,0,9,10,1,0,8,4,1,0
631,"286,000",0,0,1,11,1,0,5,4,2,0
632,"469,000",0,0,0,8,1,0,4,4,2,0
633,"270,000",0,0,11,11,1,4,6,2,1,0
634,"188,000",0,0,14,0,0,0,9,0,1,0
635,"350,000",0,0,1,11,1,2,2,4,1,0
636,"495,000",0,0,8,10,1,3,4,3,2,1
637,"350,000",0,0,6,8,1,5,1,3,1,0
638,"365,000",0,0,0,4,0,0,1,3,1,0
639,"335,000",0,0,12,2,0,4,7,0,3,0
640,"320,000",0,0,0,7,1,5,2,1,1,0
641,"340,000",0,0,7,9,1,4,2,1,1,0
642,"430,000",0,0,15,7,1,0,0,4,1,0
643,"350,000",0,0,10,9,1,5,1,1,1,0
644,"358,000",0,0,7,12,1,4,2,1,1,0
645,"360,000",0,0,3,11,1,2,0,5,2,0
646,"370,000",0,0,3,14,1,4,2,1,1,0
647,"265,000",0,0,8,13,1,5,3,2,1,0
648,"420,000",0,0,10,11,1,0,1,4,1,0
649,"225,000",0,0,14,1,0,0,2,1,1,0
650,"360,000",0,0,4,11,1,0,2,4,1,0
651,"425,000",0,0,5,16,1,2,6,4,4,0
652,"465,000",0,0,2,15,2,1,7,0,0,1
653,"265,000",0,0,16,3,0,3,9,2,1,0
654,"450,000",0,0,12,17,3,5,7,0,0,1
655,"400,000",0,0,0,4,1,0,5,4,1,0
656,"258,000",0,0,1,10,1,1,0,1,1,0
657,"290,000",0,0,4,6,1,5,5,4,1,0
658,"325,000",0,0,10,5,1,3,8,4,1,0
659,"415,000",0,0,13,11,1,0,0,5,4,0
660,"325,000",0,0,9,10,1,0,8,4,1,0
661,"286,000",0,0,1,11,1,0,5,4,2,0
662,"469,000",0,0,0,8,1,0,4,4,2,0
663,"270,000",0,0,11,11,1,4,6,2,1,0
664,"188,000",0,0,14,0,0,0,9,0,1,0
665,"350,000",0,0,1,11,1,2,2,4,1,0
666,"495,000",0,0,8,10,1,3,4,3,2,1
667,"350,000",0,0,6,8,1,5,1,3,1,0
668,"365,000",0,0,0,4,0,0,1,3,1,0
669,"335,000",0,0,12,2,0,4,7,0,3,0
670,"320,000",0,0,0,7,1,5,2,1,1,0
671,"340,000",0,0,7,9,1,4,2,1,1,0
672,"430,000",0,0,15,7,1,0,0,4,1,0
673,"350,000",0,0,10,9,1,5,1,1,1,0
674,"358,000",0,0,7,12,1,4,2,1,1,0
675,"360,000",0,0,3,11,1,2,0,5,2,0
676,"370,000",0,0,3,14,1,4,2,1,1,0
677,"265,000",0,0,8,13,1,5,3,2,1,0
678,"420,000",0,0,10,11,1,0,1,4,1,0
679,"225,000",0,0,14,1,0,0,2,1,1,0
680,"360,000",0,0,4,11,1,0,2,4,1,0
681,"425,000",0,0,5,16,1,2,6,4,4,0
682,"465,000",0,0,2,15,2,1,7,0,0,1
683,"265,000",0,0,16,3,0,3,9,2,1,0
684,"450,000",0,0,12,17,3,5,7,0,0,1
685,"400,000",0,0,0,4,1,0,5,4,1,0
686,"258,000",0,0,1,10,1,1,0,1,1,0
687,"290,000",0,0,4,6,1,5,5,4,1,0
688,"325,000",0,0,10,5,1,3,8,4,1,0
689,"415,000",0,0,13,11,1,0,0,5,4,0
690,"325,000",0,0,9,10,1,0,8,4,1,0
691,"286,000",0,0,1,11,1,0,5,4,2,0
692,"469,000",0,0,0,8,1,0,4,4,2,0
693,"270,000",0,0,11,11,1,4,6,2,1,0
694,"188,000",0,0,14,0,0,0,9,0,1,0
695,"350,000",0,0,1,11,1,2,2,4,1,0
696,"495,000",0,0,8,10,1,3,4,3,2,1
697,"350,000",0,0,6,8,1,5,1,3,1,0
698,"365,000",0,0,0,4,0,0,1,3,1,0
699,"335,000",0,0,12,2,0,4,7,0,3,0
700,"320,000",0,0,0,7,1,5,2,1,1,0
701,"340,000",0,0,7,9,1,4,2,1,1,0
702,"430,000",0,0,15,7,1,0,0,4,1,0
703,"350,000",0,0,10,9,1,5,1,1,1,0
704,"358,000",0,0,7,12,1,4,2,1,1,0
705,"360,000",0,0,3,11,1,2,0,5,2,0
706,"370,000",0,0,3,14,1,4,2,1,1,0
707,"265,000",0,0,8,13,1,5,3,2,1,0
708,"420,000",0,0,10,11,1,0,1,4,1,0
709,"225,000",0,0,14,1,0,0,2,1,1,0
710,"360,000",0,0,4,11,1,0,2,4,1,0
711,"425,000",0,0,5,16,1,2,6,4,4,0
712,"465,000",0,0,2,15,2,1,7,0,0,1
713,"265,000",0,0,16,3,0,3,9,2,1,0
714,"450,000",0,0,12,17,3,5,7,0,0,1
715,"400,000",0,0,0,4,1,0,5,4,1,0
716,"258,000",0,0,1,10,1,1,0,1,1,0
717,"290,000",0,0,4,6,1,5,5,4,1,0
718,"325,000",0,0,10,5,1,3,8,4,1,0
719,"415,000",0,0,13,11,1,0,0,5,4,0
720,"325,000",0,0,9,10,1,0,8,4,1,0
721,"286,000",0,0,1,11,1,0,5,4,2,0
722,"469,000",0,0,0,8,1,0,4,4,2,0
723,"270,000",0,0,11,11,1,4,6,2,1,0
724,"188,000",0,0,14,0,0,0,9,0,1,0
725,"350,000",0,0,1,11,1,2,2,4,1,0
726,"495,000",0,0,8,10,1,3,4,3,2,1
727,"350,000",0,0,6,8,1,5,1,3,1,0
728,"365,000",0,0,0,4,0,0,1,3,1,0
729,"335,000",0,0,12,2,0,4,7,0,3,0
730,"320,000",0,0,0,7,1,5,2,1,1,0
731,"340,000",0,0,7,9,1,4,2,1,1,0
732,"430,000",0,0,15,7,1,0,0,4,1,0
733,"350,000",0,0,10,9,1,5,1,1,1,0
734,"358,000",0,0,7,12,1,4,2,1,1,0
735,"360,000",0,0,3,11,1,2,0,5,2,0
736,"370,000",0,0,3,14,1,4,2,1,1,0
737,"265,000",0,0,8,13,1,5,3,2,1,0
738,"420,000",0,0,10,11,1,0,1,4,1,0
739,"225,000",0,0,14,1,0,0,2,1,1,0
740,"360,000",0,0,4,11,1,0,2,4,1,0
741,"425,000",0,0,5,16,1,2,6,4,4,0
742,"465,000",0,0,2,15,2,1,7,0,0,1
743,"265,000",0,0,16,3,0,3,9,2,1,0
744,"450,000",0,0,12,17,3,5,7,0,0,1
745,"400,000",0,0,0,4,1,0,5,4,1,0
746,"258,000",0,0,1,10,1,1,0,1,1,0
747,"290,000",0,0,4,6,1,5,5,4,1,0
748,"325,000",0,0,10,5,1,3,8,4,1,0
749,"415,000",0,0,13,11,1,0,0,5,4,0
750,"325,000",0,0,9,10,1,0,8,4,1,0
751,"286,000",0,0,1,11,1,0,5,4,2,0
752,"469,000",0,0,0,8,1,0,4,4,2,0
753,"270,000",0,0,11,11,1,4,6,2,1,0
754,"188,000",0,0,14,0,0,0,9,0,1,0
755,"350,000",0,0,1,11,1,2,2,4,1,0
756,"495,000",0,0,8,10,1,3,4,3,2,1
757,"350,000",0,0,6,8,1,5,1,3,1,0
758,"365,000",0,0,0,4,0,0,1,3,1,0
759,"335,000",0,0,12,2,0,4,7,0,3,0
760,"320,000",0,0,0,7,1,5,2,1,1,0
761,"340,000",0,0,7,9,1,4,2,1,1,0
762,"430,000",0,0,15,7,1,0,0,4,1,0
763,"350,000",0,0,10,9,1,5,1,1,1,0
764,"358,000",0,0,7,12,1,4,2,1,1,0
765,"360,000",0,0,3,11,1,2,0,5,2,0
766,"370,000",0,0,3,14,1,4,2,1,1,0
767,"265,000",0,0,8,13,1,5,3,2,1,0
768,"420,000",0,0,10,11,1,0,1,4,1,0
769,"225,000",0,0,14,1,0,0,2,1,1,0
770,"360,000",0,0,4,11,1,0,2,4,1,0
771,"425,000",0,0,5,16,1,2,6,4,4,0
772,"465,000",0,0,2,15,2,1,7,0,0,1
773,"265,000",0,0,16,3,0,3,9,2,1,0
774,"450,000",0,0,12,17,3,5,7,0,0,1
775,"400,000",0,0,0,4,1,0,5,4,1,0
776,"258,000",0,0,1,10,1,1,0,1,1,0
777,"290,000",0,0,4,6,1,5,5,4,1,0
778,"325,000",0,0,10,5,1,3,8,4,1,0
779,"415,000",0,0,13,11,1,0,0,5,4,0
780,"325,000",0,0,9,10,1,0,8,4,1,0
781,"286,000",0,0,1,11,1,0,5,4,2,0
782,"469,000",0,0,0,8,1,0,4,4,2,0
783,"270,000",0,0,11,11,1,4,6,2,1,0
784,"188,000",0,0,14,0,0,0,9,0,1,0
785,"350,000",0,0,1,11,1,2,2,4,1,0
786,"495,000",0,0,8,10,1,3,4,3,2,1
787,"350,000",0,0,6,8,1,5,1,3,1,0
788,"365,000",0,0,0,4,0,0,1,3,1,0
789,"335,000",0,0,12,2,0,4,7,0,3,0
790,"320,000",0,0,0,7,1,5,2,1,1,0
791,"340,000",0,0,7,9,1,4,2,1,1,0
792,"430,000",0,0,15,7,1,0,0,4,1,0
793,"350,000",0,0,10,9,1,5,1,1,1,0
794,"358,000",0,0,7,12,1,4,2,1,1,0
795,"360,000",0,0,3,11,1,2,0,5,2,0
796,"370,000",0,0,3,14,1,4,2,1,1,0
797,"265,000",0,0,8,13,1,5,3,2,1,0
798,"420,000",0,0,10,11,1,0,1,4,1,0
799,"225,000",0,0,14,1,0,0,2,1,1,0
800,"360,000",0,0,4,11,1,0,2,4,1,0
801,"425,000",0,0,5,16,1,2,6,4,4,0
802,"465,000",0,0,2,15,2,1,7,0,0,1
803,"265,000",0,0,16,3,0,3,9,2,1,0
804,"450,000",0,0,12,17,3,5,7,0,0,1
805,"400,000",0,0,0,4,1,0,5,4,1,0
806,"258,000",0,0,1,10,1,1,0,1,1,0
807,"290,000",0,0,4,6,1,5,5,4,1,0
808,"325,000",0,0,10,5,1,3,8,4,1,0
809,"415,000",0,0,13,11,1,0,0,5,4,0
810,"325,000",0,0,9,10,1,0,8,4,1,0
811,"286,000",0,0,1,11,1,0,5,4,2,0
812,"469,000",0,0,0,8,1,0,4,4,2,0
813,"270,000",0,0,11,11,1,4,6,2,1,0
814,"188,000",0,0,14,0,0,0,9,0,1,0
815,"350,000",0,0,1,11,1,2,2,4,1,0
816,"495,000",0,0,8,10,1,3,4,3,2,1
817,"350,000",0,0,6,8,1,5,1,3,1,0
818,"365,000",0,0,0,4,0,0,1,3,1,0
819,"335,000",0,0,12,2,0,4,7,0,3,0
820,"320,000",0,0,0,7,1,5,2,1,1,0
821,"340,000",0,0,7,9,1,4,2,1,1,0
822,"430,000",0,0,15,7,1,0,0,4,1,0
823,"350,000",0,0,10,9,1,5,1,1,1,0
824,"358,000",0,0,7,12,1,4,2,1,1,0
825,"360,000",0,0,3,11,1,2,0,5,2,0
826,"370,000",0,0,3,14,1,4,2,1,1,0
827,"265,000",0,0,8,13,1,5,3,2,1,0
828,"420,000",0,0,10,11,1,0,1,4,1,0
829,"225,000",0,0,14,1,0,0,2,1,1,0
830,"360,000",0,0,4,11,1,0,2,4,1,0
831,"425,000",0,0,5,16,1,2,6,4,4,0
832,"465,000",0,0,2,15,2,1,7,0,0,1
833,"265,000",0,0,16,3,0,3,9,2,1,0
834,"450,000",0,0,12,17,3,5,7,0,0,1
835,"400,000",0,0,0,4,1,0,5,4,1,0
836,"258,000",0,0,1,10,1,1,0,1,1,0
837,"290,000",0,0,4,6,1,5,5,4,1,0
838,"325,000",0,0,10,5,1,3,8,4,1,0
839,"415,000",0,0,13,11,1,0,0,5,4,0
840,"325,000",0,0,9,10,1,0,8,4,1,0
841,"286,000",0,0,1,11,1,0,5,4,2,0
842,"469,000",0,0,0,8,1,0,4,4,2,0
843,"270,000",0,0,11,11,1,4,6,2,1,0
844,"188,000",0,0,14,0,0,0,9,0,1,0
845,"350,000",0,0,1,11,1,2,2,4,1,0
846,"495,000",0,0,8,10,1,3,4,3,2,1
847,"350,000",0,0,6,8,1,5,1,3,1,0
848,"365,000",0,0,0,4,0,0,1,3,1,0
849,"335,000",0,0,12,2,0,4,7,0,3,0
850,"320,000",0,0,0,7,1,5,2,1,1,0
851,"340,000",0,0,7,9,1,4,2,1,1,0
852,"430,000",0,0,15,7,1,0,0,4,1,0
853,"350,000",0,0,10,9,1,5,1,1,1,0
854,"358,000",0,0,7,12,1,4,2,1,1,0
855,"360,000",0,0,3,11,1,2,0,5,2,0
856,"370,000",0,0,3,14,1,4,2,1,1,0
857,"265,000",0,0,8,13,1,5,3,2,1,0
858,"420,000",0,0,10,11,1,0,1,4,1,0
859,"225,000",0,0,14,1,0,0,2,1,1,0
860,"360,000",0,0,4,11,1,0,2,4,1,0
861,"425,000",0,0,5,16,1,2,6,4,4,0
862,"465,000",0,0,2,15,2,1,7,0,0,1
863,"265,000",0,0,16,3,0,3,9,2,1,0
864,"450,000",0,0,12,17,3,5,7,0,0,1
865,"400,000",0,0,0,4,1,0,5,4,1,0
866,"258,000",0,0,1,10,1,1,0,1,1,0
867,"290,000",0,0,4,6,1,5,5,4,1,0
868,"325,000",0,0,10,5,1,3,8,4,1,0
869,"415,000",0,0,13,11,1,0,0,5,4,0
870,"325,000",0,0,9,10,1,0,8,4,1,0
871,"286,000",0,0,1,11,1,0,5,4,2,0
872,"469,000",0,0,0,8,1,0,4,4,2,0
873,"270,000",0,0,11,11,1,4,6,2,1,0
874,"188,000",0,0,14,0,0,0,9,0,1,0
875,"350,000",0,0,1,11,1,2,2,4,1,0
876,"495,000",0,0,8,10,1,3,4,3,2,1
877,"350,000",0,0,6,8,1,5,1,3,1,0
878,"365,000",0,0,0,4,0,0,1,3,1,0
879,"335,000",0,0,12,2,0,4,7,0,3,0
880,"320,000",0,0,0,7,1,5,2,1,1,0
881,"340,000",0,0,7,9,1,4,2,1,1,0
882,"430,000",0,0,15,7,1,0,0,4,1,0
883,"350,000",0,0,10,9,1,5,1,1,1,0
884,"358,000",0,0,7,12,1,4,2,1,1,0
885,"360,000",0,0,3,11,1,2,0,5,2,0
886,"370,000",0,0,3,14,1,4,2,1,1,0
887,"265,000",0,0,8,13,1,5,3,2,1,0
888,"420,000",0,0,10,11,1,0,1,4,1,0
889,"225,000",0,0,14,1,0,0,2,1,1,0
890,"360,000",0,0,4,11,1,0,2,4,1,0
891,"425,000",0,0,5,16,1,2,6,4,4,0
892,"465,000",0,0,2,15,2,1,7,0,0,1
893,"265,000",0,0,16,3,0,3,9,2,1,0
894,"450,000",0,0,12,17,3,5,7,0,0,1
895,"400,000",0,0,0,4,1,0,5,4,1,0
896,"258,000",0,0,1,10,1,1,0,1,1,0
897,"290,000",0,0,4,6,1,5,5,4,1,0
898,"325,000",0,0,10,5,1,3,8,4,1,0
899,"415,000",0,0,13,11,1,0,0,5,4,0
900,"325,000",0,0,9,10,1,0,8,4,1,0
901,"286,000",0,0,1,11,1,0,5,4,2,0
902,"469,000",0,0,0,8,1,0,4,4,2,0
903,"270,000",0,0,11,11,1,4,6,2,1,0
904,"188,000",0,0,14,0,0,0,9,0,1,0
905,"350,000",0,0,1,11,1,2,2,4,1,0
906,"495,000",0,0,8,10,1,3,4,3,2,1
907,"350,000",0,0,6,8,1,5,1,3,1,0
908,"365,000",0,0,0,4,0,0,1,3,1,0
909,"335,000",0,0,12,2,0,4,7,0,3,0
910,"320,000",0,0,0,7,1,5,2,1,1,0
911,"340,000",0,0,7,9,1,4,2,1,1,0
912,"430,000",0,0,15,7,1,0,0,4,1,0
913,"350,000",0,0,10,9,1,5,1,1,1,0
914,"358,000",0,0,7,12,1,4,2,1,1,0
915,"360,000",0,0,3,11,1,2,0,5,2,0
916,"370,000",0,0,3,14,1,4,2,1,1,0
917,"265,000",0,0,8,13,1,5,3,2,1,0
918,"420,000",0,0,10,11,1,0,1,4,1,0
919,"225,000",0,0,14,1,0,0,2,1,1,0
920,"360,000",0,0,4,11,1,0,2,4,1,0
921,"425,000",0,0,5,16,1,2,6,4,4,0
922,"465,000",0,0,2,15,2,1,7,0,0,1
923,"265,000",0,0,16,3,0,3,9,2,1,0
924,"450,000",0,0,12,17,3,5,7,0,0,1
925,"400,000",0,0,0,4,1,0,5,4,1,0
926,"258,000",0,0,1,10,1,1,0,1,1,0
927,"290,000",0,0,4,6,1,5,5,4,1,0
928,"325,000",0,0,10,5,1,3,8,4,1,0
929,"415,000",0,0,13,11,1,0,0,5,4,0
930,"325,000",0,0,9,10,1,0,8,4,1,0
931,"286,000",0,0,1,11,1,0,5,4,2,0
932,"469,000",0,0,0,8,1,0,4,4,2,0
933,"270,000",0,0,11,11,1,4,6,2,1,0
934,"188,000",0,0,14,0,0,0,9,0,1,0
935,"350,000",0,0,1,11,1,2,2,4,1,0
936,"495,000",0,0,8,10,1,3,4,3,2,1
937,"350,000",0,0,6,8,1,5,1,3,1,0
938,"365,000",0,0,0,4,0,0,1,3,1,0
939,"335,000",0,0,12,2,0,4,7,0,3,0
940,"320,000",0,0,0,7,1,5,2,1,1,0
941,"340,000",0,0,7,9,1,4,2,1,1,0
942,"430,000",0,0,15,7,1,0,0,4,1,0
943,"350,000",0,0,10,9,1,5,1,1,1,0
944,"358,000",0,0,7,12,1,4,2,1,1,0
945,"360,000",0,0,3,11,1,2,0,5,2,0
946,"370,000",0,0,3,14,1,4,2,1,1,0
947,"265,000",0,0,8,13,1,5,3,2,1,0
948,"420,000",0,0,10,11,1,0,1,4,1,0
949,"225,000",0,0,14,1,0,0,2,1,1,0
950,"360,000",0,0,4,11,1,0,2,4,1,0
951,"425,000",0,0,5,16,1,2,6,4,4,0
952,"465,000",0,0,2,15,2,1,7,0,0,1
953,"265,000",0,0,16,3,0,3,9,2,1,0
954,"450,000",0,0,12,17,3,5,7,0,0,1
955,"400,000",0,0,0,4,1,0,5,4,1,0
956,"258,000",0,0,1,10,1,1,0,1,1,0
957,"290,000",0,0,4,6,1,5,5,4,1,0
958,"325,000",0,0,10,5,1,3,8,4,1,0
959,"415,000",0,0,13,11,1,0,0,5,4,0
960,"325,000",0,0,9,10,1,0,8,4,1,0
961,"286,000",0,0,1,11,1,0,5,4,2,0
962,"469,000",0,0,0,8,1,0,4,4,2,0
963,"270,000",0,0,11,11,1,4,6,2,1,0
964,"188,000",0,0,14,0,0,0,9,0,1,0
965,"350,000",0,0,1,11,1,2,2,4,1,0
966,"495,000",0,0,8,10,1,3,4,3,2,1
967,"350,000",0,0,6,8,1,5,1,3,1,0
968,"365,000",0,0,0,4,0,0,1,3,1,0
969,"335,000",0,0,12,2,0,4,7,0,3,0
970,"320,000",0,0,0,7,1,5,2,1,1,0
971,"340,000",0,0,7,9,1,4,2,1,1,0
972,"430,000",0,0,15,7,1,0,0,4,1,0
973,"350,000",0,0,10,9,1,5,1,1,1,0
974,"358,000",0,0,7,12,1,4,2,1,1,0
975,"360,000",0,0,3,11,1,2,0,5,2,0
976,"370,000",0,0,3,14,1,4,2,1,1,0
977,"265,000",0,0,8,13,1,5,3,2,1,0
978,"420,000",0,0,10,11,1,0,1,4,1,0
979,"225,000",0,0,14,1,0,0,2,1,1,0
980,"360,000",0,0,4,11,1,0,2,4,1,0
981,"425,000",0,0,5,16,1,2,6,4,4,0
982,"465,000",0,0,2,15,2,1,7,0,0,1
983,"265,000",0,0,16,3,0,3,9,2,1,0
984,"450,000",0,0,12,17,3,5,7,0,0,1
985,"400,000",0,0,0,4,1,0,5,4,1,0
986,"258,000",0,0,1,10,1,1,0,1,1,0
987,"290,000",0,0,4,6,1,5,5,4,1,0
988,"325,000",0,0,10,5,1,3,8,4,1,0
989,"415,000",0,0,13,11,1,0,0,5,4,0
990,"325,000",0,0,9,10,1,0,8,4,1,0
991,"286,000",0,0,1,11,1,0,5,4,2,0
992,"469,000",0,0,0,8,1,0,4,4,2,0
993,"270,000",0,0,11,11,1,4,6,2,1,0
994,"188,000",0,0,14,0,0,0,9,0,1,0
995,"350,000",0,0,1,11,1,2,2,4,1,0
996,"495,000",0,0,8,10,1,3,4,3,2,1
997,"350,000",0,0,6,8,1,5,1,3,1,0
998,"365,000",0,0,0,4,0,0,1,3,1,0
999,"335,000",0,0,12,2,0,4,7,0,3,0
1000,"320,000",0,0,0,7,1,5,2,1,1,0
1001,"340,000",0,0,7,9,1,4,2,1,1,0
1002,"430,000",0,0,15,7,1,0,0,4,1,0
1003,"350,000",0,0,10,9,1,5,1,1,1,0
1004,"358,000",0,0,7,12,1,4,2,1,1,0
1005,"360,000",0,0,3,11,1,2,0,5,2,0
1006,"370,000",0,0,3,14,1,4,2,1,1,0
1007,"265,000",0,0,8,13,1,5,3,2,1,0
1008,"420,000",0,0,10,11,1,0,1,4,1,0
1009,"225,000",0,0,14,1,0,0,2,1,1,0
1010,"360,000",0,0,4,11,1,0,2,4,1,0
1011,"425,000",0,0,5,16,1,2,6,4,4,0
1012,"465,000",0,0,2,15,2,1,7,0,0,1
1013,"265,000",0,0,16,3,0,3,9,2,1,0
1014,"450,000",0,0,12,17,3,5,7,0,0,1
1015,"400,000",0,0,0,4,1,0,5,4,1,0
1016,"258,000",0,0,1,10,1,1,0,1,1,0
1017,"290,000",0,0,4,6,1,5,5,4,1,0
1018,"325,000",0,0,10,5,1,3,8,4,1,0
1019,"415,000",0,0,13,11,1,0,0,5,4,0
1020,"325,000",0,0,9,10,1,0,8,4,1,0
1021,"286,000",0,0,1,11,1,0,5,4,2,0
1022,"469,000",0,0,0,8,1,0,4,4,2,0
1023,"270,000",0,0,11,11,1,4,6,2,1,0
1024,"188,000",0,0,14,0,0,0,9,0,1,0
1025,"350,000",0,0,1,11,1,2,2,4,1,0
1026,"495,000",0,0,8,10,1,3,4,3,2,1
1027,"350,000",0,0,6,8,1,5,1,3,1,0
1028,"365,000",0,0,0,4,0,0,1,3,1,0
1029,"335,000",0,0,12,2,0,4,7,0,3,0
1030,"320,000",0,0,0,7,1,5,2,1,1,0
1031,"340,000",0,0,7,9,1,4,2,1,1,0
1032,"430,000",0,0,15,7,1,0,0,4,1,0
1033,"350,000",0,0,10,9,1,5,1,1,1,0
1034,"358,000",0,0,7,12,1,4,2,1,1,0
1035,"360,000",0,0,3,11,1,2,0,5,2,0
1036,"370,000",0,0,3,14,1,4,2,1,1,0
1037,"265,000",0,0,8,13,1,5,3,2,1,0
1038,"420,000",0,0,10,11,1,0,1,4,1,0
1039,"225,000",0,0,14,1,0,0,2,1,1,0
1040,"360,000",0,0,4,11,1,0,2,4,1,0
1041,"425,000",0,0,5,16,1,2,6,4,4,0
1042,"465,000",0,0,2,15,2,1,7,0,0,1
1043,"265,000",0,0,16,3,0,3,9,2,1,0
1044,"450,000",0,0,12,17,3,5,7,0,0,1
1045,"400,000",0,0,0,4,1,0,5,4,1,0
1046,"258,000",0,0,1,10,1,1,0,1,1,0
1047,"290,000",0,0,4,6,1,5,5,4,1,0
1048,"325,000",0,0,10,5,1,3,8,4,1,0
1049,"415,000",0,0,13,11,1,0,0,5,4,0
1050,"325,000",0,0,9,10,1,0,8,4,1,0
1051,"286,000",0,0,1,11,1,0,5,4,2,0
1052,"469,000",0,0,0,8,1,0,4,4,2,0
1053,"270,000",0,0,11,11,1,4,6,2,1,0
1054,"188,000",0,0,14,0,0,0,9,0,1,0
1055,"350,000",0,0,1,11,1,2,2,4,1,0
1056,"495,000",0,0,8,10,1,3,4,3,2,1
1057,"350,000",0,0,6,8,1,5,1,3,1,0
1058,"365,000",0,0,0,4,0,0,1,3,1,0
1059,"335,000",0,0,12,2,0,4,7,0,3,0
1060,"320,000",0,0,0,7,1,5,2,1,1,0
1061,"340,000",0,0,7,9,1,4,2,1,1,0
1062,"430,000",0,0,15,7,1,0,0,4,1,0
1063,"350,000",0,0,10,9,1,5,1,1,1,0
1064,"358,000",0,0,7,12,1,4,2,1,1,0
1065,"360,000",0,0,3,11,1,2,0,5,2,0
1066,"370,000",0,0,3,14,1,4,2,1,1,0
1067,"265,000",0,0,8,13,1,5,3,2,1,0
1068,"420,000",0,0,10,11,1,0,1,4,1,0
1069,"225,000",0,0,14,1,0,0,2,1,1,0
1070,"360,000",0,0,4,11,1,0,2,4,1,0
1071,"425,000",0,0,5,16,1,2,6,4,4,0
1072,"465,000",0,0,2,15,2,1,7,0,0,1
1073,"265,000",0,0,16,3,0,3,9,2,1,0
1074,"450,000",0,0,12,17,3,5,7,0,0,1
1075,"400,000",0,0,0,4,1,0,5,4,1,0
1076,"258,000",0,0,1,10,1,1,0,1,1,0
1077,"290,000",0,0,4,6,1,5,5,4,1,0
1078,"325,000",0,0,10,5,1,3,8,4,1,0
1079,"415,000",0,0,13,11,1,0,0,5,4,0
1080,"325,000",0,0,9,10,1,0,8,4,1,0
1081,"286,000",0,0,1,11,1,0,5,4,2,0
1082,"469,000",0,0,0,8,1,0,4,4,2,0
1083,"270,000",0,0,11,11,1,4,6,2,1,0
1084,"188,000",0,0,14,0,0,0,9,0,1,0
1085,"350,000",0,0,1,11,1,2,2,4,1,0
1086,"495,000",0,0,8,10,1,3,4,3,2,1
1087,"350,000",0,0,6,8,1,5,1,3,1,0
1088,"365,000",0,0,0,4,0,0,1,3,1,0
1089,"335,000",0,0,12,2,0,4,7,0,3,0
1090,"320,000",0,0,0,7,1,5,2,1,1,0
1091,"340,000",0,0,7,9,1,4,2,1,1,0
1092,"430,000",0,0,15,7,1,0,0,4,1,0
1093,"350,000",0,0,10,9,1,5,1,1,1,0
1094,"358,000",0,0,7,12,1,4,2,1,1,0
1095,"360,000",0,0,3,11,1,2,0,5,2,0
1096,"370,000",0,0,3,14,1,4,2,1,1,0
1097,"265,000",0,0,8,13,1,5,3,2,1,0
1098,"420,000",0,0,10,11,1,0,1,4,1,0
1099,"225,000",0,0,14,1,0,0,2,1,1,0
1100,"360,000",0,0,4,11,1,0,2,4,1,0
1101,"425,000",0,0,5,16,1,2,6,4,4,0
1102,"465,000",0,0,2,15,2,1,7,0,0,1
1103,"265,000",0,0,16,3,0,3,9,2,1,0
1104,"450,000",0,0,12,17,3,5,7,0,0,1
1105,"400,000",0,0,0,4,1,0,5,4,1,0
1106,"258,000",0,0,1,10,1,1,0,1,1,0
1107,"290,000",0,0,4,6,1,5,5,4,1,0
1108,"325,000",0,0,10,5,1,3,8,4,1,0
1109,"415,000",0,0,13,11,1,0,0,5,4,0
1110,"325,000",0,0,9,10,1,0,8,4,1,0
1111,"286,000",0,0,1,11,1,0,5,4,2,0
1112,"469,000",0,0,0,8,1,0,4,4,2,0
1113,"270,000",0,0,11,11,1,4,6,2,1,0
1114,"188,000",0,0,14,0,0,0,9,0,1,0
1115,"350,000",0,0,1,11,1,2,2,4,1,0
1116,"495,000",0,0,8,10,1,3,4,3,2,1
1117,"350,000",0,0,6,8,1,5,1,3,1,0
1118,"365,000",0,0,0,4,0,0,1,3,1,0
1119,"335,000",0,0,12,2,0,4,7,0,3,0
1120,"320,000",0,0,0,7,1,5,2,1,1,0
1121,"340,000",0,0,7,9,1,4,2,1,1,0
1122,"430,000",0,0,15,7,1,0,0,4,1,0
1123,"350,000",0,0,10,9,1,5,1,1,1,0
1124,"358,000",0,0,7,12,1,4,2,1,1,0
1125,"360,000",0,0,3,11,1,2,0,5,2,0
1126,"370,000",0,0,3,14,1,4,2,1,1,0
1127,"265,000",0,0,8,13,1,5,3,2,1,0
1128,"420,000",0,0,10,11,1,0,1,4,1,0
1129,"225,000",0,0,14,1,0,0,2,1,1,0
1130,"360,000",0,0,4,11,1,0,2,4,1,0
1131,"425,000",0,0,5,16,1,2,6,4,4,0
1132,"465,000",0,0,2,15,2,1,7,0,0,1
1133,"265,000",0,0,16,3,0,3,9,2,1,0
1134,"450,000",0,0,12,17,3,5,7,0,0,1
1135,"400,000",0,0,0,4,1,0,5,4,1,0
1136,"258,000",0,0,1,10,1,1,0,1,1,0
1137,"290,000",0,0,4,6,1,5,5,4,1,0
1138,"325,000",0,0,10,5,1,3,8,4,1,0
1139,"415,000",0,0,13,11,1,0,0,5,4,0
1140,"325,000",0,0,9,10,1,0,8,4,1,0
1141,"286,000",0,0,1,11,1,0,5,4,2,0
1142,"469,000",0,0,0,8,1,0,4,4,2,0
1143,"270,000",0,0,11,11,1,4,6,2,1,0
1144,"188,000",0,0,14,0,0,0,9,0,1,0
1145,"350,000",0,0,1,11,1,2,2,4,1,0
1146,"495,000",0,0,8,10,1,3,4,3,2,1
1147,"350,000",0,0,6,8,1,5,1,3,1,0
1148,"365,000",0,0,0,4,0,0,1,3,1,0
1149,"335,000",0,0,12,2,0,4,7,0,3,0
1150,"320,000",0,0,0,7,1,5,2,1,1,0
1151,"340,000",0,0,7,9,1,4,2,1,1,0
1152,"430,000",0,0,15,7,1,0,0,4,1,0
1153,"350,000",0,0,10,9,1,5,1,1,1,0
1154,"358,000",0,0,7,12,1,4,2,1,1,0
1155,"360,000",0,0,3,11,1,2,0,5,2,0
1156,"370,000",0,0,3,14,1,4,2,1,1,0
1157,"265,000",0,0,8,13,1,5,3,2,1,0
1158,"420,000",0,0,10,11,1,0,1,4,1,0
1159,"225,000",0,0,14,1,0,0,2,1,1,0
1160,"360,000",0,0,4,11,1,0,2,4,1,0
1161,"425,000",0,0,5,16,1,2,6,4,4,0
1162,"465,000",0,0,2,15,2,1,7,0,0,1
1163,"265,000",0,0,16,3,0,3,9,2,1,0
1164,"450,000",0,0,12,17,3,5,7,0,0,1
1165,"400,000",0,0,0,4,1,0,5,4,1,0
1166,"258,000",0,0,1,10,1,1,0,1,1,0
1167,"290,000",0,0,4,6,1,5,5,4,1,0
1168,"325,000",0,0,10,5,1,3,8,4,1,0
1169,"415,000",0,0,13,11,1,0,0,5,4,0
1170,"325,000",0,0,9,10,1,0,8,4,1,0
1171,"286,000",0,0,1,11,1,0,5,4,2,0
1172,"469,000",0,0,0,8,1,0,4,4,2,0
1173,"270,000",0,0,11,11,1,4,6,2,1,0
1174,"188,000",0,0,14,0,0,0,9,0,1,0
1175,"350,000",0,0,1,11,1,2,2,4,1,0
1176,"495,000",0,0,8,10,1,3,4,3,2,1
1177,"350,000",0,0,6,8,1,5,1,3,1,0
1178,"365,000",0,0,0,4,0,0,1,3,1,0
1179,"335,000",0,0,12,2,0,4,7,0,3,0
1180,"320,000",0,0,0,7,1,5,2,1,1,0
1181,"340,000",0,0,7,9,1,4,2,1,1,0
1182,"430,000",0,0,15,7,1,0,0,4,1,0
1183,"350,000",0,0,10,9,1,5,1,1,1,0
1184,"358,000",0,0,7,12,1,4,2,1,1,0
1185,"360,000",0,0,3,11,1,2,0,5,2,0
1186,"370,000",0,0,3,14,1,4,2,1,1,0
1187,"265,000",0,0,8,13,1,5,3,2,1,0
1188,"420,000",0,0,10,11,1,0,1,4,1,0
1189,"225,000",0,0,14,1,0,0,2,1,1,0
1190,"360,000",0,0,4,11,1,0,2,4,1,0
1191,"425,000",0,0,5,16,1,2,6,4,4,0
1192,"465,000",0,0,2,15,2,1,7,0,0,1
1193,"265,000",0,0,16,3,0,3,9,2,1,0
1194,"450,000",0,0,12,17,3,5,7,0,0,1
1195,"400,000",0,0,0,4,1,0,5,4,1,0
1196,"258,000",0,0,1,10,1,1,0,1,1,0
1197,"290,000",0,0,4,6,1,5,5,4,1,0
1198,"325,000",0,0,10,5,1,3,8,4,1,0
1199,"415,000",0,0,13,11,1,0,0,5,4,0
1200,"325,000",0,0,9,10,1,0,8,4,1,0
1201,"286,000",0,0,1,11,1,0,5,4,2,0
1202,"469,000",0,0,0,8,1,0,4,4,2,0
1203,"270,000",0,0,11,11,1,4,6,2,1,0
1204,"188,000",0,0,14,0,0,0,9,0,1,0
1205,"350,000",0,0,1,11,1,2,2,4,1,0
1206,"495,000",0,0,8,10,1,3,4,3,2,1
1207,"350,000",0,0,6,8,1,5,1,3,1,0
1208,"365,000",0,0,0,4,0,0,1,3,1,0
1209,"335,000",0,0,12,2,0,4,7,0,3,0
1210,"320,000",0,0,0,7,1,5,2,1,1,0
1211,"340,000",0,0,7,9,1,4,2,1,1,0
1212,"430,000",0,0,15,7,1,0,0,4,1,0
1213,"350,000",0,0,10,9,1,5,1,1,1,0
1214,"358,000",0,0,7,12,1,4,2,1,1,0
1215,"360,000",0,0,3,11,1,2,0,5,2,0
1216,"370,000",0,0,3,14,1,4,2,1,1,0
1217,"265,000",0,0,8,13,1,5,3,2,1,0
1218,"420,000",0,0,10,11,1,0,1,4,1,0
1219,"225,000",0,0,14,1,0,0,2,1,1,0
1220,"360,000",0,0,4,11,1,0,2,4,1,0
1221,"425,000",0,0,5,16,1,2,6,4,4,0
1222,"465,000",0,0,2,15,2,1,7,0,0,1
1223,"265,000",0,0,16,3,0,3,9,2,1,0
1224,"450,000",0,0,12,17,3,5,7,0,0,1
1225,"400,000",0,0,0,4,1,0,5,4,1,0
1226,"258,000",0,0,1,10,1,1,0,1,1,0
1227,"290,000",0,0,4,6,1,5,5,4,1,0
1228,"325,000",0,0,10,5,1,3,8,4,1,0
1229,"415,000",0,0,13,11,1,0,0,5,4,0
1230,"325,000",0,0,9,10,1,0,8,4,1,0
1231,"286,000",0,0,1,11,1,0,5,4,2,0
1232,"469,000",0,0,0,8,1,0,4,4,2,0
1233,"270,000",0,0,11,11,1,4,6,2,1,0
1234,"188,000",0,0,14,0,0,0,9,0,1,0
1235,"350,000",0,0,1,11,1,2,2,4,1,0
1236,"495,000",0,0,8,10,1,3,4,3,2,1
1237,"350,000",0,0,6,8,1,5,1,3,1,0
1238,"365,000",0,0,0,4,0,0,1,3,1,0
1239,"335,000",0,0,12,2,0,4,7,0,3,0
1240,"320,000",0,0,0,7,1,5,2,1,1,0
1241,"340,000",0,0,7,9,1,4,2,1,1,0
1242,"430,000",0,0,15,7,1,0,0,4,1,0
1243,"350,000",0,0,10,9,1,5,1,1,1,0
1244,"358,000",0,0,7,12,1,4,2,1,1,0
1245,"360,000",0,0,3,11,1,2,0,5,2,0
1246,"370,000",0,0,3,14,1,4,2,1,1,0
1247,"265,000",0,0,8,13,1,5,3,2,1,0
1248,"420,000",0,0,10,11,1,0,1,4,1,0
1249,"225,000",0,0,14,1,0,0,2,1,1,0
1250,"360,000",0,0,4,11,1,0,2,4,1,0
1251,"425,000",0,0,5,16,1,2,6,4,4,0
1252,"465,000",0,0,2,15,2,1,7,0,0,1
1253,"265,000",0,0,16,3,0,3,9,2,1,0
1254,"450,000",0,0,12,17,3,5,7,0,0,1
1255,"400,000",0,0,0,4,1,0,5,4,1,0
1256,"258,000",0,0,1,10,1,1,0,1,1,0
1257,"290,000",0,0,4,6,1,5,5,4,1,0
1258,"325,000",0,0,10,5,1,3,8,4,1,0
1259,"415,000",0,0,13,11,1,0,0,5,4,0
1260,"325,000",0,0,9,10,1,0,8,4,1,0
1261,"286,000",0,0,1,11,1,0,5,4,2,0
1262,"469,000",0,0,0,8,1,0,4,4,2,0
1263,"270,000",0,0,11,11,1,4,6,2,1,0
1264,"188,000",0,0,14,0,0,0,9,0,1,0
1265,"350,000",0,0,1,11,1,2,2,4,1,0
1266,"495,000",0,0,8,10,1,3,4,3,2,1
1267,"350,000",0,0,6,8,1,5,1,3,1,0
1268,"365,000",0,0,0,4,0,0,1,3,1,0
1269,"335,000",0,0,12,2,0,4,7,0,3,0
1270,"320,000",0,0,0,7,1,5,2,1,1,0
1271,"340,000",0,0,7,9,1,4,2,1,1,0
1272,"430,000",0,0,15,7,1,0,0,4,1,0
1273,"350,000",0,0,10,9,1,5,1,1,1,0
1274,"358,000",0,0,7,12,1,4,2,1,1,0
1275,"360,000",0,0,3,11,1,2,0,5,2,0
1276,"370,000",0,0,3,14,1,4,2,1,1,0
1277,"265,000",0,0,8,13,1,5,3,2,1,0
1278,"420,000",0,0,10,11,1,0,1,4,1,0
1279,"225,000",0,0,14,1,0,0,2,1,1,0
1280,"360,000",0,0,4,11,1,0,2,4,1,0
1281,"425,000",0,0,5,16,1,2,6,4,4,0
1282,"465,000",0,0,2,15,2,1,7,0,0,1
1283,"265,000",0,0,16,3,0,3,9,2,1,0
1284,"450,000",0,0,12,17,3,5,7,0,0,1
1285,"400,000",0,0,0,4,1,0,5,4,1,0
1286,"258,000",0,0,1,10,1,1,0,1,1,0
1287,"290,000",0,0,4,6,1,5,5,4,1,0
1288,"325,000",0,0,10,5,1,3,8,4,1,0
1289,"415,000",0,0,13,11,1,0,0,5,4,0
1290,"325,000",0,0,9,10,1,0,8,4,1,0
1291,"286,000",0,0,1,11,1,0,5,4,2,0
1292,"469,000",0,0,0,8,1,0,4,4,2,0
1293,"270,000",0,0,11,11,1,4,6,2,1,0
1294,"188,000",0,0,14,0,0,0,9,0,1,0
1295,"350,000",0,0,1,11,1,2,2,4,1,0
1296,"495,000",0,0,8,10,1,3,4,3,2,1
1297,"350,000",0,0,6,8,1,5,1,3,1,0
1298,"365,000",0,0,0,4,0,0,1,3,1,0
1299,"335,000",0,0,12,2,0,4,7,0,3,0
1300,"320,000",0,0,0,7,1,5,2,1,1,0
1301,"340,000",0,0,7,9,1,4,2,1,1,0
1302,"430,000",0,0,15,7,1,0,0,4,1,0
1303,"350,000",0,0,10,9,1,5,1,1,1,0
1304,"358,000",0,0,7,12,1,4,2,1,1,0
1305,"360,000",0,0,3,11,1,2,0,5,2,0
1306,"370,000",0,0,3,14,1,4,2,1,1,0
1307,"265,000",0,0,8,13,1,5,3,2,1,0
1308,"420,000",0,0,10,11,1,0,1,4,1,0
1309,"225,000",0,0,14,1,0,0,2,1,1,0
1310,"360,000",0,0,4,11,1,0,2,4,1,0
1311,"425,000",0,0,5,16,1,2,6,4,4,0
1312,"465,000",0,0,2,15,2,1,7,0,0,1
1313,"265,000",0,0,16,3,0,3,9,2,1,0
1314,"450,000",0,0,12,17,3,5,7,0,0,1
1315,"400,000",0,0,0,4,1,0,5,4,1,0
1316,"258,000",0,0,1,10,1,1,0,1,1,0
1317,"290,000",0,0,4,6,1,5,5,4,1,0
1318,"325,000",0,0,10,5,1,3,8,4,1,0
1319,"415,000",0,0,13,11,1,0,0,5,4,0
1320,"325,000",0,0,9,10,1,0,8,4,1,0
1321,"286,000",0,0,1,11,1,0,5,4,2,0
1322,"469,000",0,0,0,8,1,0,4,4,2,0
1323,"270,000",0,0,11,11,1,4,6,2,1,0
1324,"188,000",0,0,14,0,0,0,9,0,1,0
1325,"350,000",0,0,1,11,1,2,2,4,1,0
1326,"495,000",0,0,8,10,1,3,4,3,2,1
1327,"350,000",0,0,6,8,1,5,1,3,1,0
1328,"365,000",0,0,0,4,0,0,1,3,1,0
1329,"335,000",0,0,12,2,0,4,7,0,3,0
1330,"320,000",0,0,0,7,1,5,2,1,1,0
1331,"340,000",0,0,7,9,1,4,2,1,1,0
1332,"430,000",0,0,15,7,1,0,0,4,1,0
1333,"350,000",0,0,10,9,1,5,1,1,1,0
1334,"358,000",0,0,7,12,1,4,2,1,1,0
1335,"360,000",0,0,3,11,1,2,0,5,2,0
1336,"370,000",0,0,3,14,1,4,2,1,1,0
1337,"265,000",0,0,8,13,1,5,3,2,1,0
1338,"420,000",0,0,10,11,1,0,1,4,1,0
1339,"225,000",0,0,14,1,0,0,2,1,1,0
1340,"360,000",0,0,4,11,1,0,2,4,1,0
1341,"425,000",0,0,5,16,1,2,6,4,4,0
1342,"465,000",0,0,2,15,2,1,7,0,0,1
1343,"265,000",0,0,16,3,0,3,9,2,1,0
1344,"450,000",0,0,12,17,3,5,7,0,0,1
1345,"400,000",0,0,0,4,1,0,5,4,1,0
1346,"258,000",0,0,1,10,1,1,0,1,1,0
1347,"290,000",0,0,4,6,1,5,5,4,1,0
1348,"325,000",0,0,10,5,1,3,8,4,1,0
1349,"415,000",0,0,13,11,1,0,0,5,4,0
1350,"325,000",0,0,9,10,1,0,8,4,1,0
1351,"286,000",0,0,1,11,1,0,5,4,2,0
1352,"469,000",0,0,0,8,1,0,4,4,2,0
1353,"270,000",0,0,11,11,1,4,6,2,1,0
1354,"188,000",0,0,14,0,0,0,9,0,1,0
1355,"350,000",0,0,1,11,1,2,2,4,1,0
1356,"495,000",0,0,8,10,1,3,4,3,2,1
1357,"350,000",0,0,6,8,1,5,1,3,1,0
1358,"365,000",0,0,0,4,0,0,1,3,1,0
1359,"335,000",0,0,12,2,0,4,7,0,3,0
1360,"320,000",0,0,0,7,1,5,2,1,1,0
1361,"340,000",0,0,7,9,1,4,2,1,1,0
1362,"430,000",0,0,15,7,1,0,0,4,1,0
1363,"350,000",0,0,10,9,1,5,1,1,1,0
1364,"358,000",0,0,7,12,1,4,2,1,1,0
1365,"360,000",0,0,3,11,1,2,0,5,2,0
1366,"370,000",0,0,3,14,1,4,2,1,1,0
1367,"265,000",0,0,8,13,1,5,3,2,1,0
1368,"420,000",0,0,10,11,1,0,1,4,1,0
1369,"225,000",0,0,14,1,0,0,2,1,1,0
1370,"360,000",0,0,4,11,1,0,2,4,1,0
1371,"425,000",0,0,5,16,1,2,6,4,4,0
1372,"465,000",0,0,2,15,2,1,7,0,0,1
1373,"265,000",0,0,16,3,0,3,9,2,1,0
1374,"450,000",0,0,12,17,3,5,7,0,0,1
1375,"400,000",0,0,0,4,1,0,5,4,1,0
1376,"258,000",0,0,1,10,1,1,0,1,1,0
1377,"290,000",0,0,4,6,1,5,5,4,1,0
1378,"325,000",0,0,10,5,1,3,8,4,1,0
1379,"415,000",0,0,13,11,1,0,0,5,4,0
1380,"325,000",0,0,9,10,1,0,8,4,1,0
1381,"286,000",0,0,1,11,1,0,5,4,2,0
1382,"469,000",0,0,0,8,1,0,4,4,2,0
1383,"270,000",0,0,11,11,1,4,6,2,1,0
1384,"188,000",0,0,14,0,0,0,9,0,1,0
1385,"350,000",0,0,1,11,1,2,2,4,1,0
1386,"495,000",0,0,8,10,1,3,4,3,2,1
1387,"350,000",0,0,6,8,1,5,1,3,1,0
1388,"365,000",0,0,0,4,0,0,1,3,1,0
1389,"335,000",0,0,12,2,0,4,7,0,3,0
1390,"320,000",0,0,0,7,1,5,2,1,1,0
1391,"340,000",0,0,7,9,1,4,2,1,1,0
1392,"430,000",0,0,15,7,1,0,0,4,1,0
1393,"350,000",0,0,10,9,1,5,1,1,1,0
1394,"358,000",0,0,7,12,1,4,2,1,1,0
1395,"360,000",0,0,3,11,1,2,0,5,2,0
1396,"370,000",0,0,3,14,1,4,2,1,1,0
1397,"265,000",0,0,8,13,1,5,3,2,1,0
1398,"420,000",0,0,10,11,1,0,1,4,1,0
1399,"225,000",0,0,14,1,0,0,2,1,1,0
1400,"360,000",0,0,4,11,1,0,2,4,1,0
1401,"425,000",0,0,5,16,1,2,6,4,4,0
1402,"465,000",0,0,2,15,2,1,7,0,0,1
1403,"265,000",0,0,16,3,0,3,9,2,1,0
1404,"450,000",0,0,12,17,3,5,7,0,0,1
1405,"400,000",0,0,0,4,1,0,5,4,1,0
1406,"258,000",0,0,1,10,1,1,0,1,1,0
1407,"290,000",0,0,4,6,1,5,5,4,1,0
1408,"325,000",0,0,10,5,1,3,8,4,1,0
1409,"415,000",0,0,13,11,1,0,0,5,4,0
1410,"325,000",0,0,9,10,1,0,8,4,1,0
1411,"286,000",0,0,1,11,1,0,5,4,2,0
1412,"469,000",0,0,0,8,1,0,4,4,2,0
1413,"270,000",0,0,11,11,1,4,6,2,1,0
1414,"188,000",0,0,14,0,0,0,9,0,1,0
1415,"350,000",0,0,1,11,1,2,2,4,1,0
1416,"495,000",0,0,8,10,1,3,4,3,2,1
1417,"350,000",0,0,6,8,1,5,1,3,1,0
1418,"365,000",0,0,0,4,0,0,1,3,1,0
1419,"335,000",0,0,12,2,0,4,7,0,3,0
1420,"320,000",0,0,0,7,1,5,2,1,1,0
1421,"340,000",0,0,7,9,1,4,2,1,1,0
1422,"430,000",0,0,15,7,1,0,0,4,1,0
1423,"350,000",0,0,10,9,1,5,1,1,1,0
1424,"358,000",0,0,7,12,1,4,2,1,1,0
1425,"360,000",0,0,3,11,1,2,0,5,2,0
1426,"370,000",0,0,3,14,1,4,2,1,1,0
1427,"265,000",0,0,8,13,1,5,3,2,1,0
1428,"420,000",0,0,10,11,1,0,1,4,1,0
1429,"225,000",0,0,14,1,0,0,2,1,1,0
1430,"360,000",0,0,4,11,1,0,2,4,1,0
1431,"425,000",0,0,5,16,1,2,6,4,4,0
1432,"465,000",0,0,2,15,2,1,7,0,0,1
1433,"265,000",0,0,16,3,0,3,9,2,1,0
1434,"450,000",0,0,12,17,3,5,7,0,0,1
1435,"400,000",0,0,0,4,1,0,5,4,1,0
1436,"258,000",0,0,1,10,1,1,0,1,1,0
1437,"290,000",0,0,4,6,1,5,5,4,1,0
1438,"325,000",0,0,10,5,1,3,8,4,1,0
1439,"415,000",0,0,13,11,1,0,0,5,4,0
1440,"325,000",0,0,9,10,1,0,8,4,1,0
1441,"286,000",0,0,1,11,1,0,5,4,2,0
1442,"469,000",0,0,0,8,1,0,4,4,2,0
1443,"270,000",0,0,11,11,1,4,6,2,1,0
1444,"188,000",0,0,14,0,0,0,9,0,1,0
1445,"350,000",0,0,1,11,1,2,2,4,1,0
1446,"495,000",0,0,8,10,1,3,4,3,2,1
1447,"350,000",0,0,6,8,1,5,1,3,1,0
1448,"365,000",0,0,0,4,0,0,1,3,1,0
1449,"335,000",0,0,12,2,0,4,7,0,3,0
1450,"320,000",0,0,0,7,1,5,2,1,1,0
1451,"340,000",0,0,7,9,1,4,2,1,1,0
1452,"430,000",0,0,15,7,1,0,0,4,1,0
1453,"350,000",0,0,10,9,1,5,1,1,1,0
1454,"358,000",0,0,7,12,1,4,2,1,1,0
1455,"360,000",0,0,3,11,1,2,0,5,2,0
1456,"370,000",0,0,3,14,1,4,2,1,1,0
1457,"265,000",0,0,8,13,1,5,3,2,1,0
1458,"420,000",0,0,10,11,1,0,1,4,1,0
1459,"225,000",0,0,14,1,0,0,2,1,1,0
1460,"360,000",0,0,4,11,1,0,2,4,1,0
1461,"425,000",0,0,5,16,1,2,6,4,4,0
1462,"465,000",0,0,2,15,2,1,7,0,0,1
1463,"265,000",0,0,16,3,0,3,9,2,1,0
1464,"450,000",0,0,12,17,3,5,7,0,0,1
1465,"400,000",0,0,0,4,1,0,5,4,1,0
1466,"258,000",0,0,1,10,1,1,0,1,1,0
1467,"290,000",0,0,4,6,1,5,5,4,1,0
1468,"325,000",0,0,10,5,1,3,8,4,1,0
1469,"415,000",0,0,13,11,1,0,0,5,4,0
1470,"325,000",0,0,9,10,1,0,8,4,1,0
1471,"286,000",0,0,1,11,1,0,5,4,2,0
1472,"469,000",0,0,0,8,1,0,4,4,2,0
1473,"270,000",0,0,11,11,1,4,6,2,1,0
1474,"188,000",0,0,14,0,0,0,9,0,1,0
1475,"350,000",0,0,1,11,1,2,2,4,1,0
1476,"495,000",0,0,8,10,1,3,4,3,2,1
1477,"350,000",0,0,6,8,1,5,1,3,1,0
1478,"365,000",0,0,0,4,0,0,1,3,1,0
1479,"335,000",0,0,12,2,0,4,7,0,3,0
1480,"320,000",0,0,0,7,1,5,2,1,1,0
1481,"340,000",0,0,7,9,1,4,2,1,1,0
1482,"430,000",0,0,15,7,1,0,0,4,1,0
1483,"350,000",0,0,10,9,1,5,1,1,1,0
1484,"358,000",0,0,7,12,1,4,2,1,1,0
1485,"360,000",0,0,3,11,1,2,0,5,2,0
1486,"370,000",0,0,3,14,1,4,2,1,1,0
1487,"265,000",0,0,8,13,1,5,3,2,1,0
1488,"420,000",0,0,10,11,1,0,1,4,1,0
1489,"225,000",0,0,14,1,0,0,2,1,1,0
1490,"360,000",0,0,4,11,1,0,2,4,1,0
1491,"425,000",0,0,5,16,1,2,6,4,4,0
1492,"465,000",0,0,2,15,2,1,7,0,0,1
1493,"265,000",0,0,16,3,0,3,9,2,1,0
1494,"450,000",0,0,12,17,3,5,7,0,0,1
1495,"400,000",0,0,0,4,1,0,5,4,1,0
1496,"258,000",0,0,1,10,1,1,0,1,1,0
1497,"290,000",0,0,4,6,1,5,5,4,1,0
1498,"325,000",0,0,10,5,1,3,8,4,1,0
1499,"415,000",0,0,13,11,1,0,0,5,4,0
1500,"325,000",0,0,9,10,1,0,8,4,1,0
1501,"286,000",0,0,1,11,1,0,5,4,2,0
1502,"469,000",0,0,0,8,1,0,4,4,2,0
1503,"270,000",0,0,11,11,1,4,6,2,1,0
1504,"188,000",0,0,14,0,0,0,9,0,1,0
1505,"350,000",0,0,1,11,1,2,2,4,1,0
1506,"495,000",0,0,8,10,1,3,4,3,2,1
1507,"350,000",0,0,6,8,1,5,1,3,1,0
1508,"365,000",0,0,0,4,0,0,1,3,1,0
1509,"335,000",0,0,12,2,0,4,7,0,3,0
1510,"320,000",0,0,0,7,1,5,2,1,1,0
1511,"340,000",0,0,7,9,1,4,2,1,1,0
1512,"430,000",0,0,15,7,1,0,0,4,1,0
1513,"350,000",0,0,10,9,1,5,1,1,1,0
1514,"358,000",0,0,7,12,1,4,2,1,1,0
1515,"360,000",0,0,3,11,1,2,0,5,2,0
1516,"370,000",0,0,3,14,1,4,2,1,1,0
1517,"265,000",0,0,8,13,1,5,3,2,1,0
1518,"420,000",0,0,10,11,1,0,1,4,1,0
1519,"225,000",0,0,14,1,0,0,2,1,1,0
1520,"360,000",0,0,4,11,1,0,2,4,1,0
1521,"425,000",0,0,5,16,1,2,6,4,4,0
1522,"465,000",0,0,2,15,2,1,7,0,0,1
1523,"265,000",0,0,16,3,0,3,9,2,1,0
1524,"450,000",0,0,12,17,3,5,7,0,0,1
1525,"400,000",0,0,0,4,1,0,5,4,1,0
1526,"258,000",0,0,1,10,1,1,0,1,1,0
1527,"290,000",0,0,4,6,1,5,5,4,1,0
1528,"325,000",0,0,10,5,1,3,8,4,1,0
1529,"415,000",0,0,13,11,1,0,0,5,4,0
